{
  "total": 199,
  "accuracy": "78.4%",
  "avg_f1": 0.4151985550877255,
  "avg_bleu1": 0.36409361672164287,
  "by_category": {
    "2": {
      "correct": 29,
      "wrong": 8,
      "skipped": 0,
      "f1": [
        0.6666666666666666,
        0.0,
        0.7499999999999999,
        0.4,
        0.7499999999999999,
        0.25,
        0.0,
        0.0,
        0.6666666666666666,
        0.0,
        0.0,
        0.8,
        0.0,
        0.6666666666666666,
        0.7499999999999999,
        0.7499999999999999,
        0.25,
        0.7499999999999999,
        0.4444444444444444,
        0.7499999999999999,
        0.7499999999999999,
        0.0,
        0.5,
        0.0,
        0.7499999999999999,
        0.7499999999999999,
        0.3333333333333333,
        0.7499999999999999,
        0.0,
        0.6666666666666666,
        0.7499999999999999,
        0.0,
        0.0,
        0.5,
        0.0,
        0.7499999999999999,
        0.3333333333333333
      ],
      "bleu1": [
        0.6666666666666666,
        0.0,
        0.513417119032592,
        0.3333333333333333,
        0.513417119032592,
        0.17113903967753066,
        0.0,
        0.0,
        0.6666666666666666,
        0.0,
        0.0,
        0.6666666666666666,
        0.0,
        0.6666666666666666,
        0.513417119032592,
        0.513417119032592,
        0.17113903967753066,
        0.513417119032592,
        0.24525296078096154,
        0.513417119032592,
        0.513417119032592,
        0.0,
        0.3422780793550613,
        0.0,
        0.513417119032592,
        0.513417119032592,
        0.3333333333333333,
        0.513417119032592,
        0.0,
        0.6666666666666666,
        0.513417119032592,
        0.0,
        0.0,
        0.3422780793550613,
        0.0,
        0.513417119032592,
        0.3333333333333333
      ],
      "total": 37
    },
    "3": {
      "correct": 12,
      "wrong": 1,
      "skipped": 0,
      "f1": [
        0.28571428571428575,
        0.6666666666666666,
        0.2222222222222222,
        0.16666666666666669,
        0.0,
        0.5714285714285715,
        0.4,
        1.0,
        0.0,
        0.0,
        0.0,
        0.25,
        0.2222222222222222
      ],
      "bleu1": [
        0.25,
        0.36787944117144233,
        0.0009118819655545162,
        4.5399929762484854e-05,
        0.0,
        0.22313016014842982,
        0.049787068367863944,
        1.0,
        0.0,
        0.0,
        0.0,
        0.0024787521766663585,
        0.0009118819655545162
      ],
      "total": 13
    },
    "1": {
      "correct": 28,
      "wrong": 4,
      "skipped": 0,
      "f1": [
        1.0,
        0.0,
        1.0,
        0.5,
        0.0,
        0.07692307692307693,
        0.28571428571428575,
        0.3333333333333333,
        0.0,
        0.1111111111111111,
        0.17777777777777778,
        0.0,
        0.16666666666666666,
        0.14814814814814814,
        0.0,
        0.0,
        0.1111111111111111,
        0.0,
        0.4615384615384615,
        0.13333333333333333,
        0.6666666666666666,
        0.3333333333333333,
        0.0,
        0.0,
        0.5714285714285715,
        0.0,
        0.13793103448275862,
        0.125,
        1.0,
        0.0,
        0.3333333333333333,
        0.6666666666666666
      ],
      "bleu1": [
        1.0,
        0.0,
        1.0,
        0.40219202762138356,
        0.0,
        0.045454545454545456,
        0.25,
        0.25,
        0.0,
        0.0625,
        0.10256410256410256,
        0.0,
        0.11428571428571428,
        0.09523809523809523,
        0.0,
        0.0,
        0.0625,
        0.0,
        0.375,
        0.08333333333333333,
        0.6666666666666666,
        0.25,
        0.0,
        0.0,
        0.5,
        0.0,
        0.09090909090909091,
        0.07692307692307693,
        1.0,
        0.0,
        0.3333333333333333,
        0.36787944117144233
      ],
      "total": 32
    },
    "4": {
      "correct": 63,
      "wrong": 7,
      "skipped": 0,
      "f1": [
        1.0,
        1.0,
        0.0,
        0.1111111111111111,
        0.0,
        0.0,
        0.0,
        0.10526315789473685,
        1.0,
        0.33333333333333337,
        0.3529411764705882,
        1.0,
        1.0,
        0.3,
        0.33333333333333337,
        1.0,
        0.0,
        0.9523809523809523,
        0.0,
        1.0,
        0.8750000000000001,
        1.0,
        1.0,
        0.0,
        0.5,
        0.0,
        0.15384615384615383,
        0.15384615384615383,
        0.0,
        1.0,
        0.0,
        1.0,
        0.7692307692307692,
        1.0,
        0.42857142857142855,
        0.8000000000000002,
        1.0,
        0.0,
        1.0,
        0.4,
        0.0,
        0.25,
        1.0,
        0.28571428571428575,
        1.0,
        0.4,
        1.0,
        0.4,
        0.8,
        0.6666666666666666,
        0.5,
        0.14285714285714288,
        0.1,
        0.0,
        0.25,
        0.5555555555555556,
        0.16666666666666666,
        0.4705882352941177,
        0.0,
        0.0,
        0.16,
        1.0,
        0.4444444444444444,
        0.2727272727272727,
        0.4210526315789473,
        0.0,
        0.0,
        0.16666666666666666,
        0.0,
        0.0
      ],
      "bleu1": [
        1.0,
        1.0,
        0.0,
        0.0004559409827772581,
        0.0,
        0.0,
        0.0,
        0.06993452279385044,
        1.0,
        0.01831563888873418,
        0.23076923076923078,
        1.0,
        1.0,
        0.25,
        0.12113791079679323,
        1.0,
        0.0,
        0.9090909090909091,
        0.0,
        1.0,
        0.7514772930752859,
        1.0,
        1.0,
        0.0,
        0.3333333333333333,
        0.0,
        0.14108028748176898,
        0.1,
        0.0,
        1.0,
        0.0,
        1.0,
        0.6666666666666666,
        1.0,
        0.42857142857142855,
        0.8,
        1.0,
        0.0,
        1.0,
        0.25,
        0.0,
        0.21470779802151024,
        1.0,
        0.23884377019126307,
        1.0,
        0.3333333333333333,
        1.0,
        0.049787068367863944,
        0.6065306597126334,
        0.5,
        0.5,
        0.055782540037107455,
        0.06062469223956427,
        0.0,
        0.17113903967753066,
        0.4033700871483995,
        0.13406400920712788,
        0.36363636363636365,
        0.0,
        0.0,
        0.10526315789473684,
        1.0,
        0.24525296078096154,
        0.21428571428571427,
        0.2857142857142857,
        0.0,
        0.0,
        0.1111111111111111,
        0.0,
        0.0
      ],
      "total": 70
    },
    "5": {
      "correct": 24,
      "wrong": 23,
      "skipped": 0,
      "f1": [
        1.0,
        1.0,
        1.0,
        0.0,
        0.0,
        0.0,
        0.0,
        0.0,
        0.0,
        0.0,
        1.0,
        1.0,
        1.0,
        0.0,
        1.0,
        1.0,
        1.0,
        0.0,
        0.0,
        0.0,
        0.0,
        1.0,
        0.0,
        1.0,
        0.0,
        1.0,
        1.0,
        1.0,
        1.0,
        1.0,
        1.0,
        1.0,
        0.0,
        0.0,
        1.0,
        0.0,
        1.0,
        1.0,
        0.0,
        0.0,
        1.0,
        0.0,
        0.0,
        1.0,
        0.0,
        0.0,
        1.0
      ],