{
  "total": 193,
  "accuracy": "86.0%",
  "avg_f1": 0.5038890591016951,
  "avg_bleu1": 0.4553297360047449,
  "by_category": {
    "2": {
      "correct": 25,
      "wrong": 2,
      "skipped": 0,
      "f1": [
        0.0,
        0.7499999999999999,
        0.6666666666666666,
        0.0,
        0.6666666666666666,
        0.7499999999999999,
        0.7499999999999999,
        0.0,
        0.4,
        0.4,
        0.25,
        0.0,
        0.7499999999999999,
        0.0,
        0.7499999999999999,
        0.7499999999999999,
        0.3333333333333333,
        0.3333333333333333,
        0.3333333333333333,
        0.0,
        0.25,
        0.6666666666666666,
        0.0,
        0.5,
        0.5,
        0.5,
        1.0
      ],
      "bleu1": [
        0.0,
        0.513417119032592,
        0.6666666666666666,
        0.0,
        0.6666666666666666,
        0.513417119032592,
        0.513417119032592,
        0.0,
        0.3333333333333333,
        0.3333333333333333,
        0.17113903967753066,
        0.0,
        0.513417119032592,
        0.0,
        0.513417119032592,
        0.513417119032592,
        0.2857142857142857,
        0.3333333333333333,
        0.3333333333333333,
        0.0,
        0.17113903967753066,
        0.36787944117144233,
        0.0,
        0.3422780793550613,
        0.3422780793550613,
        0.5,
        1.0
      ],
      "total": 27
    },
    "1": {
      "correct": 30,
      "wrong": 1,
      "skipped": 0,
      "f1": [
        0.5,
        1.0,
        0.0,
        0.4,
        0.22222222222222224,
        1.0,
        0.2,
        0.0,
        0.5714285714285715,
        0.5,
        0.5714285714285715,
        0.7499999999999999,
        0.4,
        0.4444444444444444,
        0.0,
        1.0,
        0.6666666666666666,
        1.0,
        0.1818181818181818,
        0.3448275862068966,
        0.7499999999999999,
        0.8,
        0.6666666666666666,
        0.30769230769230765,
        0.0,
        0.6153846153846153,
        0.0,
        0.6666666666666666,
        0.2105263157894737,
        0.6666666666666666,
        0.0
      ],
      "bleu1": [
        0.5,
        1.0,
        0.0,
        0.3333333333333333,
        0.14285714285714285,
        1.0,
        0.16666666666666666,
        0.0,
        0.22313016014842982,
        0.5,
        0.22313016014842982,
        0.6,
        0.3032653298563167,
        0.24525296078096154,
        0.0,
        1.0,
        0.5,
        1.0,
        0.1111111111111111,
        0.25,
        0.513417119032592,
        0.6666666666666666,
        0.36787944117144233,
        0.2222222222222222,
        0.0,
        0.5714285714285714,
        0.0,
        0.36787944117144233,
        0.18181818181818182,
        0.36787944117144233,
        0.0
      ],
      "total": 31
    },
    "3": {
      "correct": 6,
      "wrong": 2,
      "skipped": 0,
      "f1": [
        0.0,
        1.0,
        0.0,
        0.0,
        0.0,
        0.0,
        0.03076923076923077,
        0.0
      ],
      "bleu1": [
        0.0,
        1.0,
        0.0,
        0.0,
        0.0,
        0.0,
        0.016666666666666666,
        0.0
      ],
      "total": 8
    },
    "4": {
      "correct": 78,
      "wrong": 8,
      "skipped": 0,
      "f1": [
        1.0,
        1.0,
        0.0,
        1.0,
        1.0,
        0.0,
        0.0,
        0.28571428571428575,
        1.0,
        0.23529411764705882,
        0.5714285714285715,
        1.0,
        0.1111111111111111,
        0.125,
        1.0,
        0.33333333333333337,
        0.6666666666666666,
        0.8571428571428571,
        1.0,
        0.6,
        0.0,
        0.28571428571428575,
        0.09523809523809525,
        1.0,
        0.0,
        0.6666666666666665,
        1.0,
        0.08,
        0.888888888888889,
        0.0,
        1.0,
        1.0,
        0.25,
        1.0,
        0.4,
        1.0,
        0.0,
        0.09523809523809523,
        1.0,
        1.0,
        1.0,
        0.8333333333333333,
        1.0,
        0.0,
        0.8571428571428571,
        0.6666666666666666,
        0.14285714285714288,
        0.0,
        0.0,
        0.13333333333333333,
        0.9411764705882353,
        1.0,
        1.0,
        0.0,
        0.0,
        0.5714285714285715,
        0.0,
        0.7272727272727273,
        0.923076923076923,
        0.5,
        0.0,
        0.14285714285714285,
        0.0,
        0.0,
        0.7857142857142858,
        0.75,
        0.0,
        0.5,
        0.10526315789473685,
        0.7499999999999999,
        1.0,
        0.0,
        1.0,
        1.0,
        1.0,
        0.0,
        1.0,
        0.5,
        0.0,
        0.6666666666666666,
        0.0,
        0.0,
        0.22222222222222224,
        0.28571428571428575,
        0.8571428571428571,
        0.07407407407407407
      ],
      "bleu1": [
        1.0,
        1.0,
        0.0,
        1.0,
        1.0,
        0.0,
        0.0,
        0.23884377019126307,
        1.0,
        0.2222222222222222,
        0.47768754038252614,
        1.0,
        0.006105212962911393,
        0.10735389901075512,
        1.0,
        0.01831563888873418,
        0.5,
        0.75,
        1.0,
        0.6,
        0.0,
        0.23884377019126307,
        0.08333333333333333,
        1.0,
        0.0,
        0.5841005873035536,
        1.0,
        0.05555555555555555,
        0.8,
        0.0,
        1.0,
        1.0,
        0.17113903967753066,
        1.0,
        0.25,
        1.0,
        0.0,
        0.0625,
        1.0,
        1.0,
        1.0,
        0.6703200460356393,
        1.0,
        0.0,
        0.75,
        0.36787944117144233,
        0.11942188509563154,
        0.0,
        0.0,
        0.043443485862611285,
        0.8888888888888888,
        1.0,
        1.0,
        0.0,
        0.0,
        0.4,
        0.0,
        0.4723665527410147,
        0.8571428571428571,
        0.375,
        0.0,
        0.14285714285714285,
        0.0,
        0.0,
        0.6470588235294118,
        0.75,
        0.0,
        0.3422780793550613,
        0.1,
        0.6,
        1.0,
        0.0,
        1.0,
        1.0,
        1.0,
        0.0,
        1.0,
        0.1353352832366127,
        0.0,
        0.5,
        0.0,
        0.0,
        0.19470019576785122,
        0.23884377019126307,
        0.75,
        0.0649000652559504
      ],
      "total": 86
    },
    "5": {
      "correct": 27,
      "wrong": 14,
      "skipped": 0,
      "f1": [
        1.0,
        1.0,
        1.0,
        1.0,
        0.0,
        1.0,
        1.0,
        1.0,
        1.0,
        1.0,
        1.0,
        1.0,
        0.0,
        1.0,
        1.0,
        0.0,
        1.0,
        0.0,
        0.0,
        0.0,
        1.0,
        0.0,
        1.0,
        1.0,
        0.0,
        1.0,
        1.0,
        1.0,
        1.0,
        0.0,
        0.0,
        1.0,
        1.0,
        1.0,
        1.0,
        0.0,
        1.0,
        0.0,
        0.0,
        0.0,
        1.0
      ],
      "bleu1": [
        1.0,
        1.0,
        1.0,
        1.0,
        0.0,
        1.0,
        1.0,
        1.0,
        1.0,
        1.0,
        1.0,
        1.0,
        0.0,
        1.0,
        1.0,
        0.0,
        1.0,
        0.0,
        0.0,
        0.0,
        1.0,
        0.0,
        1.0,
        1.0,
        0.0,
        1.0,
        1.0,
        1.0,
        1.0,
        0.0,
        0.0,
        1.0,
        1.0,
        1.0,
        1.0,
        0.0,
        1.0,
        0.0,
        0.0,
        0.0,
        1.0
      ],
      "total": 41
    }
  }
}