{
  "total": 199,
  "accuracy": "68.3%",
  "avg_f1": 0.27963799045720356,
  "avg_bleu1": 0.23440241060481273,
  "by_category": {
    "2": {
      "correct": 30,
      "wrong": 7,
      "skipped": 0,
      "f1": [
        0.0,
        0.3333333333333333,
        0.7499999999999999,
        0.0,
        1.0,
        1.0,
        0.5,
        0.25,
        0.6666666666666666,
        0.25,
        0.0,
        0.0,
        0.0,
        0.0,
        0.25,
        0.7499999999999999,
        0.25,
        0.14285714285714285,
        0.7499999999999999,
        0.4444444444444444,
        0.7499999999999999,
        0.0,
        0.5,
        0.0,
        0.5,
        0.1818181818181818,
        0.1818181818181818,
        0.6666666666666666,
        0.6666666666666666,
        0.4,
        0.5,
        0.0,
        0.7499999999999999,
        0.0,
        0.0,
        0.0,
        0.7499999999999999
      ],
      "bleu1": [
        0.0,
        0.3333333333333333,
        0.513417119032592,
        0.0,
        1.0,
        1.0,
        0.3422780793550613,
        0.17113903967753066,
        0.6666666666666666,
        0.16666666666666666,
        0.0,
        0.0,
        0.0,
        0.0,
        0.17113903967753066,
        0.513417119032592,
        0.17113903967753066,
        0.1111111111111111,
        0.513417119032592,
        0.24525296078096154,
        0.513417119032592,
        0.0,
        0.3422780793550613,
        0.0,
        0.42857142857142855,
        0.16666666666666666,
        0.16666666666666666,
        0.6666666666666666,
        0.6666666666666666,
        0.3333333333333333,
        0.3422780793550613,
        0.0,
        0.513417119032592,
        0.0,
        0.0,
        0.0,
        0.513417119032592
      ],
      "total": 37
    },
    "3": {
      "correct": 10,
      "wrong": 3,
      "skipped": 0,
      "f1": [
        0.3333333333333333,
        0.22222222222222224,
        0.14285714285714288,
        0.13333333333333333,
        0.2105263157894737,
        0.1739130434782609,
        0.15384615384615383,
        0.0,
        0.22222222222222224,
        0.5,
        0.0,
        0.15384615384615383,
        0.0
      ],
      "bleu1": [
        0.3333333333333333,
        0.14285714285714285,
        0.11942188509563154,
        0.043443485862611285,
        0.13986904558770089,
        0.1111111111111111,
        0.1111111111111111,
        0.0,
        0.19470019576785122,
        0.42857142857142855,
        0.0,
        0.14108028748176898,
        0.0
      ],
      "total": 13
    },
    "1": {
      "correct": 28,
      "wrong": 4,
      "skipped": 0,
      "f1": [
        0.5,
        0.0,
        1.0,
        0.5454545454545454,
        0.0,
        0.0,
        0.0,
        0.0,
        0.4444444444444444,
        0.6666666666666666,
        0.09756097560975609,
        0.0,
        0.16,
        0.0,
        0.0,
        0.12,
        0.09090909090909091,
        0.1818181818181818,
        0.28571428571428575,
        0.6666666666666666,
        0.0,
        0.0,
        0.3333333333333333,
        1.0,
        0.5,
        0.0,
        0.18604651162790697,
        0.0,
        0.0,
        0.6666666666666666,
        0.0,
        0.4
      ],
      "bleu1": [
        0.5,
        0.0,
        1.0,
        0.354274914555761,
        0.0,
        0.0,
        0.0,
        0.0,
        0.3333333333333333,
        0.36787944117144233,
        0.05714285714285714,
        0.0,
        0.10526315789473684,
        0.0,
        0.0,
        0.08108108108108109,
        0.05,
        0.16666666666666666,
        0.2,
        0.6666666666666666,
        0.0,
        0.0,
        0.25,
        1.0,
        0.1353352832366127,
        0.0,
        0.1111111111111111,
        0.0,
        0.0,
        0.6666666666666666,
        0.0,
        0.3333333333333333
      ],
      "total": 32
    },
    "4": {
      "correct": 59,
      "wrong": 11,
      "skipped": 0,
      "f1": [
        1.0,
        0.6666666666666667,
        0.0,
        0.5,
        0.3703703703703704,
        0.0,
        0.30769230769230765,
        0.6666666666666665,
        1.0,
        0.1764705882352941,
        1.0,
        0.5,
        1.0,
        0.0,
        0.28571428571428575,
        0.3333333333333333,
        0.9523809523809523,
        0.4905660377358491,
        0.3,
        0.19999999999999998,
        0.16666666666666666,
        1.0,
        0.8750000000000001,
        0.0,
        1.0,
        0.16666666666666666,
        0.4,
        0.0,
        0.2857142857142857,
        0.16,
        0.2857142857142857,
        0.0,
        0.08333333333333333,
        0.5581395348837208,
        0.6666666666666666,
        1.0,
        0.25,
        1.0,
        0.45000000000000007,
        1.0,
        0.6666666666666666,
        0.6666666666666666,
        0.28571428571428575,
        1.0,
        0.0,
        0.5,
        0.6666666666666666,
        0.0,
        1.0,
        1.0,
        0.4,
        0.0,
        0.16666666666666669,
        0.4067796610169491,
        0.0909090909090909,
        0.4,
        0.5217391304347826,
        0.08695652173913045,
        0.18181818181818182,
        0.0,
        0.3157894736842105,
        0.4285714285714285,
        0.19999999999999998,
        0.0,
        0.0,
        0.0,
        0.0,
        0.3333333333333333,
        0.0,
        0.0
      ],
      "bleu1": [
        1.0,
        0.5172413793103449,
        0.0,
        0.5,
        0.2777777777777778,
        0.0,
        0.06464797857627003,
        0.5454545454545454,
        1.0,
        0.13636363636363635,
        1.0,
        0.3333333333333333,
        1.0,
        0.0,
        0.26666666666666666,
        0.3333333333333333,
        0.9090909090909091,
        0.325,
        0.25,
        0.1111111111111111,
        0.13406400920712788,
        1.0,
        0.7514772930752859,
        0.0,
        1.0,
        0.1111111111111111,
        0.3076923076923077,
        0.0,
        0.006737946999085467,
        0.14285714285714285,
        0.16666666666666666,
        0.0,
        0.047619047619047616,
        0.41379310344827586,
        0.6363636363636364,
        1.0,
        0.25,
        1.0,
        0.2903225806451613,
        1.0,
        0.5,
        0.5,
        0.23884377019126307,
        1.0,
        0.0,
        0.3333333333333333,
        0.5,
        0.0,
        1.0,
        1.0,
        0.3333333333333333,
        0.0,
        0.00915781944436709,
        0.2608695652173913,
        0.08333333333333333,
        0.17573142541048448,
        0.35294117647058826,
        0.05,
        0.11809163818525367,
        0.0,
        0.2577334795466146,
        0.3,
        0.13636363636363635,
        0.0,
        0.0,
        0.0,
        0.0,
        0.3333333333333333,
        0.0,
        0.0
      ],
      "total": 70
    },
    "5": {
      "correct": 9,
      "wrong": 38,
      "skipped": 0,
      "f1": [
        0.0,
        0.0,
        0.0,
        0.0,
        0.0,
        1.0,
        0.0,
        0.3,
        0.0,
        0.0,
        0.0,
        0.06896551724137932,
        0.0,
        0.0,
        0.0,
        0.0,
        0.0,
        0.0,
        0.0,
        0.0,
        0.16666666666666666,
        0.0,
        0.0,
        0.0,
        0.0,
        1.0,
        0.16666666666666666,
        0.0,
        0.11111111111111112,
        0.0,
        0.0,
        0.0,
        0.0,
        0.0,
        0.0,
        0.0,
        0.0,
        0.0,
        0.14285714285714288,
        0.0,
        0.0,
        0.0,
        0.0,
        0.0,
        0.0,
        1.0,
        0.0
      ],