{
  "protocol": {
    "dataset_path": "data/locomo/locomo10.json",
    "test_split": "chat_data[2:]",
    "test_sample_ids": [
      "conv-41",
      "conv-42",
      "conv-43",
      "conv-44",
      "conv-47",
      "conv-48",
      "conv-49",
      "conv-50"
    ],
    "categories": [
      "1",
      "2",
      "3",
      "4"
    ],
    "excluded_categories": [
      "5"
    ]
  },
  "runs": {
    "graphmemory_default": {
      "input_path": "runs/qa/qa_results.jsonl",
      "filtered_input_path": "artifacts/memt_alignment_verify/graphmemory_default_memt_split_cat1_4_input.jsonl",
      "metrics_path": "artifacts/memt_alignment_verify/graphmemory_default_memt_metrics.jsonl",
      "source_total": 1540,
      "kept_total": 1307,
      "overall": {
        "total": 1307,
        "avg_f1": 0.5092327444809268,
        "avg_bleu1": 0.4460061176353386,
        "zero_f1": 299,
        "zero_f1_rate": 0.2287681713848508,
        "exact_f1": 324,
        "exact_f1_rate": 0.24789594491201225,
        "avg_pred_tokens": 4.901300688599847,
        "avg_gold_tokens": 4.662586074980872,
        "pred_gold_token_ratio": 1.0511978995733509
      },
      "by_category": {
        "1": {
          "total": 239,
          "avg_f1": 0.37184213685830103,
          "avg_bleu1": 0.29284300608765096,
          "zero_f1": 64,
          "zero_f1_rate": 0.26778242677824265,
          "exact_f1": 27,
          "exact_f1_rate": 0.11297071129707113,
          "avg_pred_tokens": 5.7196652719665275,
          "avg_gold_tokens": 6.397489539748954,
          "pred_gold_token_ratio": 0.89404839764552
        },
        "2": {
          "total": 258,
          "avg_f1": 0.5402723245746502,
          "avg_bleu1": 0.4752903010886742,
          "zero_f1": 54,
          "zero_f1_rate": 0.20930232558139536,
          "exact_f1": 75,
          "exact_f1_rate": 0.29069767441860467,
          "avg_pred_tokens": 2.7364341085271318,
          "avg_gold_tokens": 3.1589147286821704,
          "pred_gold_token_ratio": 0.8662576687116564
        },
        "3": {
          "total": 83,
          "avg_f1": 0.2805020624827584,
          "avg_bleu1": 0.23069790334978907,
          "zero_f1": 41,
          "zero_f1_rate": 0.4939759036144578,
          "exact_f1": 11,
          "exact_f1_rate": 0.13253012048192772,
          "avg_pred_tokens": 4.493975903614458,
          "avg_gold_tokens": 6.554216867469879,
          "pred_gold_token_ratio": 0.6856617647058824
        },
        "4": {
          "total": 727,
          "avg_f1": 0.5694979304004245,
          "avg_bleu1": 0.5105470338865592,
          "zero_f1": 140,
          "zero_f1_rate": 0.19257221458046767,
          "exact_f1": 211,
          "exact_f1_rate": 0.2902338376891334,
          "avg_pred_tokens": 5.447042640990372,
          "avg_gold_tokens": 4.40990371389271,
          "pred_gold_token_ratio": 1.2351840299438552
        }
      },
      "by_sample": {
        "conv-41": {
          "total": 152,
          "avg_f1": 0.5709496890926192,
          "avg_bleu1": 0.5083115305916882,
          "zero_f1": 26,
          "zero_f1_rate": 0.17105263157894737,
          "exact_f1": 46,
          "exact_f1_rate": 0.3026315789473684,
          "avg_pred_tokens": 4.75,
          "avg_gold_tokens": 4.269736842105263,
          "pred_gold_token_ratio": 1.1124807395993837
        },
        "conv-42": {
          "total": 199,
          "avg_f1": 0.44763794836443466,
          "avg_bleu1": 0.39293962338394967,
          "zero_f1": 51,
          "zero_f1_rate": 0.2562814070351759,
          "exact_f1": 35,
          "exact_f1_rate": 0.17587939698492464,
          "avg_pred_tokens": 4.8040201005025125,
          "avg_gold_tokens": 4.773869346733668,
          "pred_gold_token_ratio": 1.0063157894736843
        },
        "conv-43": {
          "total": 178,
          "avg_f1": 0.5313159421887602,
          "avg_bleu1": 0.47980846527112925,
          "zero_f1": 44,
          "zero_f1_rate": 0.24719101123595505,
          "exact_f1": 55,
          "exact_f1_rate": 0.3089887640449438,
          "avg_pred_tokens": 5.320224719101123,
          "avg_gold_tokens": 4.730337078651686,
          "pred_gold_token_ratio": 1.1247030878859856
        },
        "conv-44": {
          "total": 123,
          "avg_f1": 0.46201591916502643,
          "avg_bleu1": 0.4071066291532741,
          "zero_f1": 37,
          "zero_f1_rate": 0.3008130081300813,
          "exact_f1": 28,
          "exact_f1_rate": 0.22764227642276422,
          "avg_pred_tokens": 4.788617886178862,
          "avg_gold_tokens": 4.650406504065041,
          "pred_gold_token_ratio": 1.0297202797202798
        },
        "conv-47": {
          "total": 150,
          "avg_f1": 0.5906479768932769,
          "avg_bleu1": 0.527635077408793,
          "zero_f1": 24,
          "zero_f1_rate": 0.16,
          "exact_f1": 46,
          "exact_f1_rate": 0.30666666666666664,
          "avg_pred_tokens": 3.8533333333333335,
          "avg_gold_tokens": 3.933333333333333,
          "pred_gold_token_ratio": 0.9796610169491526
        },
        "conv-48": {
          "total": 191,
          "avg_f1": 0.47206476385628254,
          "avg_bleu1": 0.3946909726329818,
          "zero_f1": 53,
          "zero_f1_rate": 0.2774869109947644,
          "exact_f1": 35,
          "exact_f1_rate": 0.18324607329842932,
          "avg_pred_tokens": 4.659685863874346,
          "avg_gold_tokens": 4.607329842931938,
          "pred_gold_token_ratio": 1.0113636363636362
        },
        "conv-49": {
          "total": 156,
          "avg_f1": 0.5291203383428335,
          "avg_bleu1": 0.4539073084095202,
          "zero_f1": 26,
          "zero_f1_rate": 0.16666666666666666,
          "exact_f1": 43,
          "exact_f1_rate": 0.27564102564102566,
          "avg_pred_tokens": 5.076923076923077,
          "avg_gold_tokens": 5.82051282051282,
          "pred_gold_token_ratio": 0.8722466960352423
        },
        "conv-50": {
          "total": 158,
          "avg_f1": 0.48731871893069323,
          "avg_bleu1": 0.4218408756065041,
          "zero_f1": 38,
          "zero_f1_rate": 0.24050632911392406,
          "exact_f1": 36,
          "exact_f1_rate": 0.22784810126582278,
          "avg_pred_tokens": 5.89873417721519,
          "avg_gold_tokens": 4.449367088607595,
          "pred_gold_token_ratio": 1.3257467994310101
        }
      }
    },
    "graphmemory_dashscope": {
      "input_path": "runs/qa_dashscope/qa_results.jsonl",
      "filtered_input_path": "artifacts/memt_alignment_verify/graphmemory_dashscope_memt_split_cat1_4_input.jsonl",
      "metrics_path": "artifacts/memt_alignment_verify/graphmemory_dashscope_memt_metrics.jsonl",
      "source_total": 1986,
      "kept_total": 1307,
      "overall": {
        "total": 1307,
        "avg_f1": 0.3888817631923486,
        "avg_bleu1": 0.33250619454906927,
        "zero_f1": 394,
        "zero_f1_rate": 0.30145371078806427,
        "exact_f1": 205,
        "exact_f1_rate": 0.1568477429227238,
        "avg_pred_tokens": 8.25478194338179,
        "avg_gold_tokens": 4.662586074980872,
        "pred_gold_token_ratio": 1.7704299310797504
      },
      "by_category": {
        "1": {
          "total": 239,
          "avg_f1": 0.28747754424144917,
          "avg_bleu1": 0.21875309851652033,
          "zero_f1": 82,
          "zero_f1_rate": 0.34309623430962344,
          "exact_f1": 14,
          "exact_f1_rate": 0.058577405857740586,
          "avg_pred_tokens": 10.02092050209205,
          "avg_gold_tokens": 6.397489539748954,
          "pred_gold_token_ratio": 1.566383257030739
        },
        "2": {
          "total": 258,
          "avg_f1": 0.30926605694047554,
          "avg_bleu1": 0.26084903911069945,
          "zero_f1": 87,
          "zero_f1_rate": 0.3372093023255814,
          "exact_f1": 13,
          "exact_f1_rate": 0.050387596899224806,
          "avg_pred_tokens": 3.6511627906976742,
          "avg_gold_tokens": 3.1589147286821704,