{
  "total": 392,
  "accuracy": "88.3%",
  "avg_f1": 0.5123250332829836,
  "avg_bleu1": 0.45668441082802724,
  "by_category": {
    "1": {
      "correct": 56,
      "wrong": 7,
      "skipped": 0,
      "f1": [
        0.5,
        0.5,
        1.0,
        0.0,
        0.0,
        0.06896551724137932,
        0.5714285714285715,
        0.0,
        0.0,
        0.0,
        0.21739130434782608,
        0.0,
        0.0,
        0.13333333333333333,
        0.13559322033898305,
        0.0,
        0.0,
        0.3076923076923077,
        0.6666666666666666,
        0.5,
        0.0,
        0.4,
        0.6666666666666666,
        0.0,
        0.5,
        0.06451612903225806,
        0.0,
        1.0,
        0.0,
        0.4,
        0.6666666666666666,
        0.6666666666666666,
        1.0,
        0.6666666666666666,
        0.0,
        0.3333333333333333,
        0.0,
        0.0,
        0.0,
        0.4,
        0.0,
        0.35294117647058826,
        1.0,
        0.25,
        0.28571428571428575,
        0.5,
        0.6666666666666666,
        0.6666666666666666,
        0.0,
        1.0,
        1.0,
        0.6666666666666666,
        0.2758620689655173,
        0.6666666666666666,
        0.7499999999999999,
        0.0,
        0.23529411764705882,
        0.5454545454545454,
        0.6666666666666666,
        0.0,
        0.25806451612903225,
        0.8,
        0.0
      ],
      "bleu1": [
        0.5,
        0.5,
        1.0,
        0.0,
        0.0,
        0.04,
        0.5,
        0.0,
        0.0,
        0.0,
        0.125,
        0.0,
        0.0,
        0.08333333333333333,
        0.08695652173913043,
        0.0,
        0.0,
        0.25,
        0.6666666666666666,
        0.4,
        0.0,
        0.3333333333333333,
        0.36787944117144233,
        0.0,
        0.1353352832366127,
        0.041666666666666664,
        0.0,
        1.0,
        0.0,
        0.25,
        0.36787944117144233,
        0.6666666666666666,
        1.0,
        0.5,
        0.0,
        0.18393972058572117,
        0.0,
        0.0,
        0.0,
        0.3032653298563167,
        0.0,
        0.25,
        1.0,
        0.06766764161830635,
        0.18181818181818182,
        0.5,
        0.36787944117144233,
        0.36787944117144233,
        0.0,
        1.0,
        1.0,
        0.5,
        0.2,
        0.36787944117144233,
        0.513417119032592,
        0.0,
        0.15384615384615385,
        0.49123845184678916,
        0.36787944117144233,
        0.0,
        0.17391304347826086,
        0.6666666666666666,
        0.0
      ],
      "total": 63
    },
    "2": {
      "correct": 56,
      "wrong": 8,
      "skipped": 0,
      "f1": [
        0.0,
        0.3333333333333333,
        0.7499999999999999,
        0.4,
        0.7499999999999999,
        0.7499999999999999,
        0.0,
        0.0,
        0.8,
        0.6666666666666666,
        0.0,
        0.3333333333333333,
        0.25,
        0.7499999999999999,
        0.0,
        0.7499999999999999,
        0.7499999999999999,
        0.0,
        0.4444444444444444,
        0.7499999999999999,
        0.7499999999999999,
        0.4,
        0.5,
        0.0,
        0.7499999999999999,
        0.5,
        0.5,
        0.6666666666666666,
        0.0,
        0.0,
        0.1818181818181818,
        0.7499999999999999,
        0.0,
        0.0,
        0.7499999999999999,
        0.7499999999999999,
        0.6666666666666666,
        0.6666666666666666,
        0.0,
        0.7499999999999999,
        0.0,
        0.6666666666666666,
        0.7499999999999999,
        0.28571428571428575,
        0.0,
        0.4,
        0.4,
        0.25,
        0.0,
        0.7499999999999999,
        0.2,
        0.28571428571428575,
        0.28571428571428575,
        0.3333333333333333,
        0.0,
        0.0,
        0.2,
        0.5,
        0.3333333333333333,
        0.4444444444444444,
        0.7499999999999999,
        0.0,
        0.5,
        0.0
      ],
      "bleu1": [
        0.0,
        0.3333333333333333,
        0.513417119032592,
        0.3333333333333333,
        0.513417119032592,
        0.513417119032592,
        0.0,
        0.0,
        0.6666666666666666,
        0.6666666666666666,
        0.0,
        0.3333333333333333,
        0.17113903967753066,
        0.513417119032592,
        0.0,
        0.513417119032592,
        0.513417119032592,
        0.0,
        0.24525296078096154,
        0.513417119032592,
        0.513417119032592,
        0.3333333333333333,
        0.3422780793550613,
        0.0,
        0.513417119032592,
        0.42857142857142855,
        0.3422780793550613,
        0.6666666666666666,
        0.0,
        0.0,
        0.1111111111111111,
        0.513417119032592,
        0.0,
        0.0,
        0.513417119032592,
        0.513417119032592,
        0.6666666666666666,
        0.6666666666666666,
        0.0,
        0.513417119032592,
        0.0,
        0.6666666666666666,
        0.513417119032592,
        0.11156508007421491,
        0.0,
        0.3333333333333333,
        0.3333333333333333,
        0.17113903967753066,
        0.0,
        0.513417119032592,
        0.14285714285714285,
        0.11156508007421491,
        0.11156508007421491,
        0.2857142857142857,
        0.0,
        0.0,
        0.14285714285714285,
        0.3422780793550613,
        0.2857142857142857,
        0.24525296078096154,
        0.513417119032592,
        0.0,
        0.5,
        0.0
      ],
      "total": 64
    },
    "3": {
      "correct": 16,
      "wrong": 5,
      "skipped": 0,
      "f1": [
        0.28571428571428575,
        0.6666666666666666,
        0.0,
        0.16666666666666669,
        0.0,
        0.4,
        0.5714285714285715,
        0.0,
        0.0,
        0.0,
        0.0,
        0.25,
        0.2222222222222222,
        0.0,
        1.0,
        0.0,
        0.0,
        0.0,
        0.0625,
        0.28571428571428575,
        0.6666666666666666
      ],
      "bleu1": [
        0.25,
        0.36787944117144233,
        0.0,
        4.5399929762484854e-05,
        0.0,
        0.049787068367863944,
        0.22313016014842982,
        0.0,
        0.0,
        0.0,
        0.0,
        0.0024787521766663585,
        0.0009118819655545162,
        0.0,
        1.0,
        0.0,
        0.0,
        0.0,
        0.037037037037037035,
        0.25,
        0.5
      ],
      "total": 21
    },
    "4": {
      "correct": 141,
      "wrong": 15,
      "skipped": 0,