{
  "total": 193,
  "accuracy": "85.0%",
  "avg_f1": 0.46230991416880296,
  "avg_bleu1": 0.4151713577402293,
  "by_category": {
    "2": {
      "correct": 23,
      "wrong": 4,
      "skipped": 0,
      "f1": [
        0.6666666666666666,
        0.0,
        0.25,
        0.0,
        0.6666666666666666,
        0.7499999999999999,
        0.28571428571428575,
        0.0,
        0.4,
        0.4,
        0.7499999999999999,
        0.0,
        0.5,
        0.4,
        0.7499999999999999,
        0.7499999999999999,
        0.5,
        0.3333333333333333,
        0.25,
        0.0,
        0.7499999999999999,
        0.3333333333333333,
        0.6666666666666666,
        0.0,
        0.5,
        0.28571428571428575,
        0.0
      ],
      "bleu1": [
        0.6666666666666666,
        0.0,
        0.17113903967753066,
        0.0,
        0.6666666666666666,
        0.513417119032592,
        0.11156508007421491,
        0.0,
        0.3333333333333333,
        0.3333333333333333,
        0.513417119032592,
        0.0,
        0.3422780793550613,
        0.2857142857142857,
        0.513417119032592,
        0.513417119032592,
        0.3422780793550613,
        0.3333333333333333,
        0.17113903967753066,
        0.0,
        0.513417119032592,
        0.3333333333333333,
        0.36787944117144233,
        0.0,
        0.5,
        0.11156508007421491,
        0.0
      ],
      "total": 27
    },
    "1": {
      "correct": 28,
      "wrong": 3,
      "skipped": 0,
      "f1": [
        0.6666666666666666,
        0.0,
        0.0,
        0.0,
        0.4,
        0.0,
        0.0,
        0.0,
        0.4,
        0.35294117647058826,
        0.0,
        0.4444444444444445,
        0.6666666666666666,
        0.4444444444444444,
        0.0,
        0.6666666666666665,
        0.6666666666666666,
        0.25,
        0.6666666666666666,
        0.7499999999999999,
        0.5,
        0.18604651162790695,
        0.6666666666666666,
        0.0,
        0.2,
        0.5333333333333333,
        0.0,
        0.0,
        0.08695652173913045,
        1.0,
        0.0
      ],
      "bleu1": [
        0.36787944117144233,
        0.0,
        0.0,
        0.0,
        0.3333333333333333,
        0.0,
        0.0,
        0.0,
        0.3032653298563167,
        0.25,
        0.0,
        0.38940039153570244,
        0.36787944117144233,
        0.24525296078096154,
        0.0,
        0.6,
        0.36787944117144233,
        0.16666666666666666,
        0.5,
        0.513417119032592,
        0.5,
        0.11764705882352941,
        0.36787944117144233,
        0.0,
        0.16666666666666666,
        0.4444444444444444,
        0.0,
        0.0,
        0.06666666666666667,
        1.0,
        0.0
      ],
      "total": 31
    },
    "3": {
      "correct": 5,
      "wrong": 3,
      "skipped": 0,
      "f1": [
        0.0,
        1.0,
        0.0,
        0.0,
        0.0,
        0.0,
        0.3333333333333333,
        0.0
      ],
      "bleu1": [
        0.0,
        1.0,
        0.0,
        0.0,
        0.0,
        0.0,
        0.2857142857142857,
        0.0
      ],
      "total": 8
    },
    "4": {
      "correct": 83,
      "wrong": 3,
      "skipped": 0,
      "f1": [
        1.0,
        0.3333333333333333,
        1.0,
        1.0,
        1.0,
        0.28571428571428575,
        1.0,
        0.14814814814814814,
        0.0,
        0.14285714285714288,
        0.36363636363636365,
        0.4,
        1.0,
        1.0,
        0.0,
        0.33333333333333337,
        0.0,
        0.8571428571428571,
        0.0,
        0.28571428571428575,
        0.0,
        1.0,
        0.6666666666666666,
        1.0,
        0.39999999999999997,
        0.6666666666666665,
        1.0,
        1.0,
        0.18181818181818182,
        0.0,
        1.0,
        0.25,
        0.875,
        0.5,
        0.0,
        1.0,
        0.33333333333333337,
        0.0,
        1.0,
        1.0,
        0.11764705882352941,
        0.0,
        1.0,
        0.0,
        1.0,
        0.3333333333333333,
        1.0,
        1.0,
        0.14285714285714288,
        0.0,
        0.7857142857142858,
        0.875,
        0.0,
        0.0,
        1.0,
        0.13333333333333333,
        1.0,
        0.0,
        0.0,
        0.6,
        0.15384615384615383,
        0.0,
        0.0,
        0.0,
        0.0,
        0.75,
        0.0,
        0.5333333333333333,
        0.5384615384615384,
        1.0,
        0.46153846153846156,
        0.9333333333333333,
        1.0,
        0.0,
        0.0,
        1.0,
        0.888888888888889,
        0.0,
        0.4,
        1.0,
        0.6666666666666666,
        1.0,
        0.0,
        1.0,
        0.0,
        0.5217391304347827
      ],
      "bleu1": [
        1.0,
        0.0615637489679241,
        1.0,
        1.0,
        1.0,
        0.23884377019126307,
        1.0,
        0.1298001305119008,
        0.0,
        0.1,
        0.2857142857142857,
        0.3032653298563167,
        1.0,
        1.0,
        0.0,
        0.01831563888873418,
        0.0,
        0.75,
        0.0,
        0.23884377019126307,
        0.0,
        1.0,
        0.5,
        1.0,
        0.36363636363636365,
        0.5841005873035536,
        1.0,
        1.0,
        0.11809163818525367,
        0.0,
        1.0,
        0.17113903967753066,
        0.875,
        0.1353352832366127,
        0.0,
        1.0,
        0.2,
        0.0,
        1.0,
        1.0,
        0.08333333333333333,
        0.0,
        1.0,
        0.0,
        1.0,
        0.25,
        1.0,
        1.0,
        0.11942188509563154,
        0.0,
        0.6470588235294118,
        0.875,
        0.0,
        0.0,
        1.0,
        0.1111111111111111,
        1.0,
        0.0,
        0.0,
        0.2635971381157267,
        0.14108028748176898,
        0.0,
        0.0,
        0.0,
        0.0,
        0.75,
        0.0,
        0.2943035529371539,
        0.3684210526315789,
        1.0,
        0.21487859764514256,
        0.8668778997501817,
        1.0,
        0.0,
        0.0,
        1.0,
        0.8,
        0.0,
        0.2777777777777778,
        1.0,
        0.5,
        1.0,
        0.0,
        1.0,
        0.0,
        0.3126465147588813
      ],
      "total": 86
    },
    "5": {
      "correct": 25,
      "wrong": 16,
      "skipped": 0,
      "f1": [
        1.0,
        1.0,
        1.0,
        1.0,
        0.0,
        1.0,
        1.0,
        1.0,
        1.0,
        1.0,
        1.0,
        0.0,
        0.07692307692307693,
        0.0,
        0.0,
        1.0,
        0.0,
        1.0,
        1.0,
        0.0,
        0.0,
        1.0,
        0.0,
        1.0,
        0.125,
        0.09523809523809523,
        1.0,
        1.0,
        0.0,
        1.0,
        1.0,
        0.0,
        1.0,
        1.0,
        1.0,
        0.0,
        1.0,
        0.0,
        1.0,
        1.0,
        0.0
      ],
      "bleu1": [
        1.0,
        1.0,
        1.0,
        1.0,
        0.0,
        1.0,
        1.0,
        1.0,
        1.0,
        1.0,
        1.0,
        0.0,
        0.045454545454545456,
        0.0,
        0.0,
        1.0,
        0.0,
        1.0,
        1.0,
        0.0,
        0.0,
        1.0,
        0.0,
        1.0,
        0.08333333333333333,
        0.058823529411764705,
        1.0,
        1.0,
        0.0,
        1.0,
        1.0,
        0.0,
        1.0,
        1.0,
        1.0,
        0.0,
        1.0,
        0.0,
        1.0,
        1.0,
        0.0
      ],
      "total": 41
    }
  }
}