{
  "total": 392,
  "accuracy": "84.7%",
  "avg_f1": 0.4691016703298,
  "avg_bleu1": 0.41465494905112676,
  "by_category": {
    "3": {
      "correct": 17,
      "wrong": 4,
      "skipped": 0,
      "f1": [
        0.28571428571428575,
        0.6666666666666666,
        0.2222222222222222,
        0.16666666666666669,
        0.0,
        0.5714285714285715,
        0.4,
        0.0,
        0.0,
        0.0,
        0.0,
        0.25,
        0.2222222222222222,
        0.0,
        1.0,
        0.0,
        0.0,
        0.0,
        0.0,
        0.26666666666666666,
        0.0
      ],
      "bleu1": [
        0.25,
        0.36787944117144233,
        0.0009118819655545162,
        4.5399929762484854e-05,
        0.0,
        0.22313016014842982,
        0.049787068367863944,
        0.0,
        0.0,
        0.0,
        0.0,
        0.0024787521766663585,
        0.0009118819655545162,
        0.0,
        1.0,
        0.0,
        0.0,
        0.0,
        0.0,
        0.2,
        0.0
      ],
      "total": 21
    },
    "1": {
      "correct": 58,
      "wrong": 5,
      "skipped": 0,
      "f1": [
        0.5,
        0.5,
        1.0,
        0.0,
        0.18181818181818182,
        0.0,
        0.5714285714285715,
        0.0,
        0.8,
        0.0,
        0.32,
        0.0,
        0.0,
        0.2222222222222222,
        0.1111111111111111,
        0.0,
        1.0,
        0.1818181818181818,
        0.18181818181818182,
        0.8571428571428571,
        0.0,
        0.0,
        0.4,
        0.6666666666666666,
        0.5,
        0.23529411764705882,
        0.0,
        1.0,
        0.4,
        0.0,
        0.3333333333333333,
        0.6666666666666666,
        1.0,
        1.0,
        0.3333333333333333,
        0.0,
        0.4,
        0.0,
        0.0,
        0.4,
        0.35294117647058826,
        0.0,
        0.25,
        0.6666666666666666,
        1.0,
        1.0,
        0.2,
        0.6666666666666666,
        0.6666666666666666,
        0.5714285714285715,
        0.0,
        1.0,
        0.28571428571428575,
        0.6666666666666666,
        0.7499999999999999,
        0.0,
        0.2105263157894737,
        0.5454545454545454,
        0.0,
        0.6666666666666666,
        0.18181818181818182,
        0.0,
        0.8
      ],
      "bleu1": [
        0.5,
        0.5,
        1.0,
        0.0,
        0.10344827586206896,
        0.0,
        0.5,
        0.0,
        0.6666666666666666,
        0.0,
        0.21052631578947367,
        0.0,
        0.0,
        0.14634146341463414,
        0.08333333333333333,
        0.0,
        1.0,
        0.16666666666666666,
        0.125,
        0.75,
        0.0,
        0.0,
        0.3333333333333333,
        0.36787944117144233,
        0.1353352832366127,
        0.15384615384615385,
        0.0,
        1.0,
        0.25,
        0.0,
        0.3333333333333333,
        0.36787944117144233,
        1.0,
        1.0,
        0.18393972058572117,
        0.0,
        0.3333333333333333,
        0.0,
        0.0,
        0.3032653298563167,
        0.25,
        0.0,
        0.06766764161830635,
        0.36787944117144233,
        1.0,
        1.0,
        0.14285714285714285,
        0.36787944117144233,
        0.5,
        0.47768754038252614,
        0.0,
        1.0,
        0.19230769230769232,
        0.36787944117144233,
        0.513417119032592,
        0.0,
        0.13333333333333333,
        0.49123845184678916,
        0.0,
        0.36787944117144233,
        0.14285714285714285,
        0.0,
        0.6666666666666666
      ],
      "total": 63
    },
    "2": {
      "correct": 55,
      "wrong": 9,
      "skipped": 0,
      "f1": [
        0.3333333333333333,
        0.0,
        0.4,
        0.7499999999999999,
        0.25,
        0.7499999999999999,
        0.0,
        0.0,
        0.8,
        0.3333333333333333,
        0.0,
        0.3333333333333333,
        0.0,
        0.25,
        0.7499999999999999,
        0.7499999999999999,
        0.0,
        0.7499999999999999,
        0.7499999999999999,
        0.4444444444444444,
        0.25,
        0.4,
        0.5,
        0.0,
        0.7499999999999999,
        0.5,
        0.5,
        0.0,
        0.6666666666666666,
        0.6666666666666666,
        0.1818181818181818,
        0.7499999999999999,
        0.0,
        0.0,
        0.7499999999999999,
        0.7499999999999999,
        0.6666666666666666,
        0.0,
        0.6666666666666666,
        0.7499999999999999,
        0.0,
        0.4,
        0.7499999999999999,
        0.28571428571428575,
        0.0,
        0.4,
        0.22222222222222224,
        0.0,
        0.25,
        0.28571428571428575,
        0.0,
        0.28571428571428575,
        0.28571428571428575,
        0.0,
        0.5,
        0.2,
        0.3333333333333333,
        0.0,
        0.7499999999999999,
        0.4444444444444444,
        0.7499999999999999,
        0.0,
        0.5,
        0.0
      ],
      "bleu1": [
        0.3333333333333333,
        0.0,
        0.3333333333333333,
        0.513417119032592,
        0.17113903967753066,
        0.513417119032592,
        0.0,
        0.0,
        0.6666666666666666,
        0.3333333333333333,
        0.0,
        0.3333333333333333,
        0.0,
        0.17113903967753066,
        0.513417119032592,
        0.513417119032592,
        0.0,
        0.513417119032592,
        0.513417119032592,
        0.24525296078096154,
        0.17113903967753066,
        0.3333333333333333,
        0.3422780793550613,
        0.0,
        0.513417119032592,
        0.42857142857142855,
        0.3422780793550613,
        0.0,
        0.6666666666666666,
        0.6666666666666666,
        0.1111111111111111,
        0.513417119032592,
        0.0,
        0.0,
        0.513417119032592,
        0.513417119032592,
        0.6666666666666666,
        0.0,
        0.6666666666666666,
        0.513417119032592,
        0.0,
        0.2857142857142857,
        0.513417119032592,
        0.11156508007421491,
        0.0,
        0.3333333333333333,
        0.14285714285714285,
        0.0,
        0.17113903967753066,
        0.11156508007421491,
        0.0,
        0.11156508007421491,
        0.11156508007421491,
        0.0,
        0.3422780793550613,
        0.14285714285714285,
        0.2857142857142857,
        0.0,
        0.513417119032592,
        0.24525296078096154,
        0.513417119032592,
        0.0,
        0.5,
        0.0
      ],
      "total": 64
    },
    "4": {
      "correct": 140,
      "wrong": 15,
      "skipped": 1,